Cities,State
Avondale,Missouri
Basehor,Kansas
Belton,Missouri
Blue Springs,Missouri
Excelsior Springs,Missouri
Gardner,Kansas
Gladstone,Missouri
Grain Valley,Missouri
Grandview,Missouri
Independence,Missouri
Kansas City,Kansas
Kansas City,Missouri
Lansing,Kansas
Leavenworth,Kansas
Leawood,Kansas
Lee's Summit,Missouri
Lenexa,Kansas
Liberty,Missouri
Merriam,Kansas
Mission Hills,Kansas
Mission,Kansas
North Kansas City,Missouri
Olathe,Kansas
Osborn,Missouri
Overland Park,Kansas
Prairie Village,Kansas
Raytown,Missouri
Shawnee,Kansas